stage,epoch,time_epoch,train_g,train_id,train_perc,train_l1f,train_l1bg,val_g,val_id,val_perc,val_l1f,val_l1bg
A,1,1167.18,3.018576819003779,-2.370377765198932e-08,9.343343340752208,0.223292216888726,0.12625683275946778,2.053465078274409,-3.9736429850260414e-08,6.520410577456157,0.09570785736044247,0.05905872459212939
A,2,2196.48,1.9288377458064252,-2.4854446470047056e-08,5.95626856829669,0.14676096224186502,0.0832527466406003,1.5923680663108826,-4.967053731282552e-08,5.043618440628052,0.07474876071015994,0.04938303058346113
A,3,530.76,1.6789359586119192,-2.8536586687831804e-08,5.1625981588621395,0.1346524590518484,0.07629549253055948,1.442593644062678,-1.9868214925130207e-08,4.558032472928365,0.07034358382225037,0.04704642792542776
