ckpt,epoch,IDcos_mean,IDcos_std,SSIM_mean,PSNR_mean,PSNR_face_mean,PSNR_bg_mean,MSSSIM_mean,num_samples,time_sec
gen_B_last.pt,-1,0.9999999188362284,1.5029986073181686e-07,0.42113301654656726,11.273386478424072,6.0827657381693525,8.097964922587076,0.6336243251959482,47,30.382925987243652
